City_ID,City,Country,Date,Lat,Lng,Max Temp,Humidity,Cloudiness,Wind Speed
0,Mamontovo,RU,2022-11-11 23:25:24,52.7055,81.6244,29.16,94,100,16.2
1,Chumikan,RU,2022-11-11 23:25:25,54.7183,135.315,13.91,88,73,19.24
2,Okhotsk,RU,2022-11-11 23:25:25,59.3833,143.3,3.99,74,10,14.56
3,Honiara,SB,2022-11-11 23:25:26,-9.4333,159.95,77.65,95,98,8.46
4,Stromness,GB,2022-11-11 23:24:04,58.965,-3.296,51.87,84,67,15.01
5,Hobyo,SO,2022-11-11 23:25:26,5.3505,48.5268,80.83,75,25,10.71
6,Vao,NC,2022-11-11 23:25:26,-22.6667,167.4833,73.8,78,99,18.19
7,Hobart,AU,2022-11-11 23:16:39,-42.8794,147.3294,57.25,66,75,11.5
8,Qaanaaq,GL,2022-11-11 23:17:00,77.484,-69.3632,-4.23,63,0,7.14
9,Kuching,MY,2022-11-11 23:25:27,1.55,110.3333,75.42,100,20,1.01
10,Puerto Madero,MX,2022-11-11 23:25:27,14.7208,-92.4215,84.4,74,20,8.05
11,Rikitea,PF,2022-11-11 23:25:28,-23.1203,-134.9692,74.21,88,100,13.47
12,Bluff,NZ,2022-11-11 23:25:28,-46.6,168.3333,58.8,81,100,9.46
13,Mataura,NZ,2022-11-11 23:15:35,-46.1927,168.8643,58.48,56,100,5.64
14,New Norfolk,AU,2022-11-11 23:17:05,-42.7826,147.0587,56.91,54,100,1.99
15,Hamilton,US,2022-11-11 23:16:24,39.1834,-84.5333,57.97,88,100,17.27
16,Jamestown,US,2022-11-11 23:25:28,42.097,-79.2353,61.02,73,100,3.44
17,Severo-Kurilsk,RU,2022-11-11 23:21:55,50.6789,156.125,34.93,64,94,28.52
18,Areosa,PT,2022-11-11 23:25:29,41.7178,-8.8571,57.74,70,0,6.64
19,Pisco,PE,2022-11-11 23:25:04,-13.7,-76.2167,66.25,72,0,19.57
20,Hofn,IS,2022-11-11 23:19:41,64.2539,-15.2082,43.18,86,71,6.46
21,Yellowknife,CA,2022-11-11 23:23:16,62.456,-114.3525,25.32,80,100,26.46
22,Vaini,TO,2022-11-11 23:25:29,-21.2,-175.2,84.36,79,20,8.05
23,Avarua,CK,2022-11-11 23:23:13,-21.2078,-159.775,77.05,65,20,17.27
24,Bambous Virieux,MU,2022-11-11 23:18:12,-20.3428,57.7575,71.85,78,75,3.44
25,Puerto Leguizamo,CO,2022-11-11 23:25:30,-0.1934,-74.7819,75.52,93,55,2.82
26,Chake Chake,TZ,2022-11-11 23:25:30,-5.2459,39.7666,75.38,89,47,3.85
27,Carnarvon,AU,2022-11-11 23:16:55,-24.8667,113.6333,63.84,57,0,22.37
28,Kaitangata,NZ,2022-11-11 23:25:31,-46.2817,169.8464,58.46,61,100,4.74
29,Khatanga,RU,2022-11-11 23:25:31,71.9667,102.5,-27.98,99,72,8.68
30,Castro,BR,2022-11-11 23:18:23,-24.7911,-50.0119,58.57,93,100,4.72
31,Naze,JP,2022-11-11 23:25:31,28.3667,129.4833,72.52,91,98,16.51
32,Cape Town,ZA,2022-11-11 23:23:22,-33.9258,18.4232,62.11,82,0,9.22
33,Lebu,CL,2022-11-11 23:15:33,-37.6167,-73.65,54.91,91,82,14.32
34,Pevek,RU,2022-11-11 23:25:32,69.7008,170.3133,-8.45,100,97,4.83
35,Mar Del Plata,AR,2022-11-11 23:25:32,-38.0023,-57.5575,64.83,92,75,11.5
36,Vredendal,ZA,2022-11-11 23:25:32,-31.6683,18.5012,57.24,95,0,4.32
37,Karratha,AU,2022-11-11 23:25:33,-20.7377,116.8463,75.65,30,1,10.38
38,Mugan,CN,2022-11-11 23:25:33,35.9404,101.3842,30.9,83,100,3.33
39,Kapitanivka,UA,2022-11-11 23:25:35,48.9172,31.7167,41.95,92,2,4.45
40,Gourdon,FR,2022-11-11 23:25:35,44.75,1.5,50.74,92,14,5.61
41,San Patricio,US,2022-11-11 23:25:36,28.017,-97.5169,82.26,70,99,2.71
42,Punta Arenas,CL,2022-11-11 23:22:29,-53.15,-70.9167,48.31,61,0,9.22
43,Opuwo,NA,2022-11-11 23:25:36,-18.0607,13.84,61.59,36,21,6.91
44,Itoman,JP,2022-11-11 23:26:37,26.1247,127.6694,79.18,92,75,13.8
45,Vila Franca Do Campo,PT,2022-11-11 23:21:22,37.7167,-25.4333,58.19,76,100,4.9
46,Katsuura,JP,2022-11-11 23:12:36,35.1333,140.3,59.02,75,23,3.58
47,Tuktoyaktuk,CA,2022-11-11 23:16:53,69.4541,-133.0374,24.8,93,100,11.5
48,Manokwari,ID,2022-11-11 23:26:38,-0.8667,134.0833,77.23,87,100,6.98
49,Saint-Philippe,RE,2022-11-11 23:26:38,-21.3585,55.7679,71.19,81,55,7.96
50,Torbay,CA,2022-11-11 23:26:38,47.6666,-52.7314,36.75,87,100,0.0
51,Leningradskiy,RU,2022-11-11 23:26:17,69.3833,178.4167,-6.99,97,83,6.69
52,Alexandria,EG,2022-11-11 23:24:37,31.2156,29.9553,64.94,58,0,11.07
53,Albany,US,2022-11-11 23:22:52,42.6001,-73.9662,64.58,94,100,4.0
54,Dikson,RU,2022-11-11 23:17:03,73.5069,80.5464,-3.46,99,68,5.61
55,Aklavik,CA,2022-11-11 23:21:31,68.2191,-135.0107,3.6,94,45,3.0
56,Cortez,US,2022-11-11 23:26:39,37.3489,-108.5859,42.03,33,0,12.66
57,Ushuaia,AR,2022-11-11 23:24:12,-54.8,-68.3,46.06,66,20,19.57
58,Ures,MX,2022-11-11 23:26:39,29.4333,-110.4,74.23,28,99,8.19
59,Ixtapa,MX,2022-11-11 23:26:40,20.7,-105.2,81.63,69,0,9.22
60,Oxford,GB,2022-11-11 23:24:02,51.7522,-1.256,54.19,91,75,4.61
61,Oildale,US,2022-11-11 23:26:41,35.4197,-119.0195,60.87,55,0,4.61
62,Tombouctou,ML,2022-11-11 23:26:41,20.0,-3.0,75.18,11,52,8.34
63,Cherskiy,RU,2022-11-11 23:26:42,68.75,161.3,-28.5,100,60,1.36
64,Ranot,TH,2022-11-11 23:26:43,7.7777,100.3213,79.12,82,100,6.49
65,Babstovo,RU,2022-11-11 23:26:44,48.1167,132.4833,27.27,87,100,6.8
66,Hermanus,ZA,2022-11-11 23:26:44,-34.4187,19.2345,61.81,86,0,3.24
67,Alofi,NU,2022-11-11 23:26:44,-19.0595,-169.9187,82.29,69,75,11.5
68,Busselton,AU,2022-11-11 23:26:45,-33.65,115.3333,55.42,64,76,12.39
69,Aberdeen,GB,2022-11-11 23:26:45,57.1437,-2.0981,53.49,76,20,2.3
70,Yima,CN,2022-11-11 23:26:45,34.7381,111.8839,47.12,67,100,20.33
71,Norman Wells,CA,2022-11-11 23:19:36,65.282,-126.8329,12.24,85,40,2.3
72,Kodiak,US,2022-11-11 23:23:28,57.79,-152.4072,45.91,81,75,9.22
73,San Cristobal,VE,2022-11-11 23:26:46,7.7669,-72.225,71.78,98,82,2.59
74,Kapaa,US,2022-11-11 23:17:08,22.0752,-159.319,82.38,55,0,21.85
75,Nara,JP,2022-11-11 23:26:46,34.6851,135.8049,60.69,58,0,2.33
76,Xicotencatl,MX,2022-11-11 23:26:47,23.0167,-98.8833,87.53,48,5,9.51
77,Victoria,HK,2022-11-11 23:19:46,22.2855,114.1577,76.17,88,20,3.0
78,Bilibino,RU,2022-11-11 23:26:47,68.0546,166.4372,-23.55,98,75,4.27
79,Port Blair,IN,2022-11-11 23:26:48,11.6667,92.75,75.24,94,20,0.0
80,Kurchum,KZ,2022-11-11 23:26:48,48.5722,83.6542,31.93,53,100,6.38
81,Cayenne,GF,2022-11-11 23:19:49,4.9333,-52.3333,78.84,89,40,0.0
82,Kalmunai,LK,2022-11-11 23:26:48,7.4167,81.8167,75.58,90,92,8.05
83,Korla,CN,2022-11-11 23:19:32,41.7597,86.1469,33.84,57,14,1.92
84,Puerto Ayora,EC,2022-11-11 23:26:49,-0.7393,-90.3518,70.56,83,68,8.01
85,Mokhotlong,LS,2022-11-11 23:26:49,-29.2894,29.0675,49.73,82,94,3.38
86,Port Alfred,ZA,2022-11-11 23:26:49,-33.5906,26.891,69.19,91,87,3.0
87,Thompson,CA,2022-11-11 23:18:29,55.7435,-97.8558,-5.64,84,20,0.0
88,Kirakira,SB,2022-11-11 23:26:50,-10.4544,161.9205,81.36,83,100,9.42
89,Blackwater,AU,2022-11-11 23:27:50,-23.5833,148.8833,78.46,45,0,11.25
90,Raton,US,2022-11-11 23:27:50,36.9034,-104.4391,36.21,41,0,9.22
91,Orje,NO,2022-11-11 23:27:51,59.4802,11.6602,54.36,91,85,17.36
92,Hasaki,JP,2022-11-11 23:27:51,35.7333,140.8333,62.22,74,64,11.48
93,Tullow,IE,2022-11-11 23:27:52,52.8003,-6.7369,58.24,97,100,8.57
94,Barrow,US,2022-11-11 23:27:52,71.2906,-156.7887,17.62,79,100,19.57
95,Capim Grosso,BR,2022-11-11 23:27:53,-11.3811,-40.0128,76.82,71,98,10.71
96,Chokurdakh,RU,2022-11-11 23:27:53,70.6333,147.9167,-25.06,99,95,6.58
97,Polewali,ID,2022-11-11 23:27:54,-3.4324,119.3435,79.14,85,100,2.37
98,Labuhan,ID,2022-11-11 23:27:54,-6.8844,112.2051,79.48,83,100,5.64
99,Beringovskiy,RU,2022-11-11 23:27:54,63.05,179.3167,11.14,87,29,11.61
100,Sungaipenuh,ID,2022-11-11 23:27:55,-2.0833,101.3833,63.59,97,100,1.32
101,Camacha,PT,2022-11-11 23:27:55,33.0833,-16.3333,62.02,82,20,2.3
102,Tiksi,RU,2022-11-11 23:27:55,71.6872,128.8694,-15.0,99,92,6.6
103,Roma,US,2022-11-11 23:27:56,43.2128,-75.4557,64.09,92,100,12.66
104,Scarborough,GB,2022-11-11 23:27:49,54.2797,-0.4044,56.66,86,13,11.99
105,Ilulissat,GL,2022-11-11 23:27:56,69.2167,-51.1,17.62,79,75,0.0
106,Pauini,BR,2022-11-11 23:27:56,-7.7136,-66.9764,74.62,85,95,6.76
107,Soyo,AO,2022-11-11 23:27:57,-6.1349,12.3689,76.98,81,93,7.18
108,Drabiv,UA,2022-11-11 23:27:57,49.963,32.1529,43.27,94,78,6.55
109,Airai,TL,2022-11-11 23:27:57,-8.9266,125.4092,67.05,73,79,2.13
110,Chiang Khong,TH,2022-11-11 23:27:58,20.2613,100.4046,58.46,86,51,1.81
111,Anaconda,US,2022-11-11 23:27:58,46.1285,-112.9423,22.19,87,8,2.28
112,Chabahar,IR,2022-11-11 23:27:58,25.2919,60.643,78.73,71,0,5.91
113,Dombarovskiy,RU,2022-11-11 23:27:59,50.7587,59.5386,33.22,89,83,16.37
114,Nadym,RU,2022-11-11 23:27:59,65.5333,72.5167,7.47,82,100,17.74
115,Port-Gentil,GA,2022-11-11 23:27:59,-0.7193,8.7815,80.56,83,40,9.22
116,Saint-Georges,GD,2022-11-11 23:28:00,12.0564,-61.7485,80.28,83,20,11.5
117,Itarema,BR,2022-11-11 23:26:39,-2.9248,-39.9167,79.27,74,70,16.35
118,Krasnoselkup,RU,2022-11-11 23:28:00,65.7,82.4667,-15.66,96,31,5.53
119,Hambantota,LK,2022-11-11 23:19:48,6.1241,81.1185,77.65,80,100,8.39
120,Saskylakh,RU,2022-11-11 23:28:01,71.9167,114.0833,-17.0,98,95,1.7
121,Ribeira Grande,PT,2022-11-11 23:28:01,38.5167,-28.7,60.78,77,4,4.0
122,Brejo,BR,2022-11-11 23:28:01,-3.6844,-42.7503,77.83,80,62,7.25
123,Ponta Do Sol,PT,2022-11-11 23:28:01,32.6667,-17.1,67.71,81,57,2.35
124,Ambon,ID,2022-11-11 23:19:38,-3.6954,128.1814,79.23,14,40,3.44
125,Mnogovershinnyy,RU,2022-11-11 23:28:03,53.9353,139.9242,14.9,91,91,3.87
126,East London,ZA,2022-11-11 23:28:04,-33.0153,27.9116,70.72,91,100,18.45
127,El Doncello,CO,2022-11-11 23:28:05,1.6782,-75.2847,74.44,92,80,2.35
128,Nikolskoye,RU,2022-11-11 23:19:43,59.7035,30.7861,53.49,91,100,10.96
129,Hilo,US,2022-11-11 23:26:55,19.7297,-155.09,80.33,68,40,17.27
130,Atuona,PF,2022-11-11 23:28:05,-9.8,-139.0333,77.34,79,13,14.0
131,Saint-Pierre,RE,2022-11-11 23:28:06,-21.3393,55.4781,71.28,68,0,6.91
132,Pilar,BR,2022-11-11 23:28:06,-9.5972,-35.9567,76.93,91,32,4.52
133,Tasiilaq,GL,2022-11-11 23:21:25,65.6145,-37.6368,35.76,66,100,21.92
134,Bredasdorp,ZA,2022-11-11 23:28:06,-34.5322,20.0403,62.94,97,63,1.63
135,Taksimo,RU,2022-11-11 23:23:26,56.3444,114.8794,4.23,87,57,1.88
136,Chuy,UY,2022-11-11 23:29:07,-33.6971,-53.4616,63.07,86,5,11.03
137,Hokitika,NZ,2022-11-11 23:29:07,-42.7167,170.9667,58.19,86,100,1.57
138,Marabba,SD,2022-11-11 23:21:34,12.35,32.1833,78.78,19,64,12.39
139,Lorengau,PG,2022-11-11 23:29:08,-2.0226,147.2712,83.57,71,98,3.49
140,West Wendover,US,2022-11-11 23:29:08,40.7391,-114.0733,34.81,51,0,4.61
141,Young,UY,2022-11-11 23:29:08,-32.6833,-57.6333,72.9,52,72,9.75
142,Mombaca,BR,2022-11-11 23:29:09,-5.7431,-39.6275,84.31,42,40,3.58
143,Uyemskiy,RU,2022-11-11 23:29:09,64.4743,40.8524,42.85,100,100,8.95
144,Kahului,US,2022-11-11 23:29:09,20.8947,-156.47,84.22,55,40,18.41
145,Bethel,US,2022-11-11 23:29:10,41.3712,-73.414,68.0,88,100,1.01
146,Rochegda,RU,2022-11-11 23:29:13,62.8,43.25,39.24,97,100,6.44
147,Roald,NO,2022-11-11 23:29:14,62.5833,6.1333,55.76,87,100,21.85
148,Mahebourg,MU,2022-11-11 23:29:14,-20.4081,57.7,71.89,78,75,3.44
149,Aksay,RU,2022-11-11 23:29:15,47.26,39.87,45.25,67,19,5.01
150,Kavieng,PG,2022-11-11 23:29:15,-2.5744,150.7967,84.34,73,98,6.44
151,Saint George,US,2022-11-11 23:26:26,37.1041,-113.5841,53.94,25,0,3.44
152,Port Elizabeth,ZA,2022-11-11 23:25:00,-33.918,25.5701,64.09,87,47,5.82
153,Labrea,BR,2022-11-11 23:29:17,-7.2586,-64.7981,73.26,98,79,2.26
154,Nome,US,2022-11-11 23:29:17,64.5011,-165.4064,19.47,69,0,11.5
155,Jiayuguan,CN,2022-11-11 23:29:18,39.8167,98.3,27.45,62,0,3.24
156,Hithadhoo,MV,2022-11-11 23:29:18,-0.6,73.0833,81.07,79,99,13.94
157,Moanda,GA,2022-11-11 23:29:19,-1.5575,13.2178,68.54,99,94,1.39
158,Ilo,PE,2022-11-11 23:29:19,-17.6394,-71.3375,65.82,81,44,7.76
159,Milkovo,RU,2022-11-11 23:29:19,54.7167,158.6167,14.99,82,55,3.65
160,Along,IN,2022-11-11 23:29:20,28.1667,94.7667,56.16,69,28,1.61
161,Mount Isa,AU,2022-11-11 23:29:20,-20.7333,139.5,82.17,61,43,5.75
162,Ambilobe,MG,2022-11-11 23:26:39,-13.2,49.05,71.2,80,29,2.48
163,College,US,2022-11-11 23:29:21,64.8569,-147.8028,20.59,88,100,3.44
164,Ancud,CL,2022-11-11 23:29:18,-41.8697,-73.8203,52.79,97,100,3.02
165,Coahuayana,MX,2022-11-11 23:29:23,18.7333,-103.6833,81.95,72,19,5.21
166,Provideniya,RU,2022-11-11 23:29:23,64.3833,-173.3,16.7,65,1,7.56
167,Raudeberg,NO,2022-11-11 23:29:24,61.9875,5.1352,50.67,1,100,15.88
168,Dunedin,NZ,2022-11-11 23:29:25,-45.8742,170.5036,61.92,56,100,7.56
169,Northam,GB,2022-11-11 23:29:25,51.0333,-4.2167,54.39,89,1,9.44
170,Nautla,MX,2022-11-11 23:29:26,20.2167,-96.7833,79.77,78,1,15.68
171,Batemans Bay,AU,2022-11-11 23:29:27,-35.7167,150.1833,67.1,70,12,4.88
172,Narsaq,GL,2022-11-11 23:19:41,60.9167,-46.05,23.22,95,100,3.56
173,Seoul,KR,2022-11-11 23:29:27,37.5683,126.9778,58.44,85,75,3.44
174,Chongwe,ZM,2022-11-11 23:29:27,-15.3292,28.682,66.42,82,51,3.24
175,Revelstoke,CA,2022-11-11 23:24:38,50.9832,-118.2023,28.42,64,100,0.0
176,Ossora,RU,2022-11-11 23:29:28,59.2353,163.0719,33.4,94,100,10.67
177,Tateyama,JP,2022-11-11 23:29:28,34.9833,139.8667,64.09,78,16,9.08
178,Portland,US,2022-11-11 23:25:04,45.5234,-122.6762,48.88,67,75,13.8
179,Ngunguru,NZ,2022-11-11 23:29:28,-35.6167,174.5,68.22,65,3,11.59
180,Oranjemund,NA,2022-11-11 23:29:29,-28.55,16.4333,58.91,85,1,4.38
181,Alenquer,BR,2022-11-11 23:30:29,-1.9417,-54.7383,79.97,61,33,2.77
182,Butaritari,KI,2022-11-11 23:30:31,3.0707,172.7902,81.66,75,75,13.73
183,Jalu,LY,2022-11-11 23:30:32,29.0331,21.5482,66.25,40,65,7.34
184,Sulangan,PH,2022-11-11 23:30:33,11.1373,123.7228,82.67,80,36,12.03
185,Srednekolymsk,RU,2022-11-11 23:21:33,67.45,153.6833,-27.9,100,90,3.47
186,Puerto Del Rosario,ES,2022-11-11 23:30:34,28.5004,-13.8627,71.35,83,75,11.5
187,Yakeshi,CN,2022-11-11 23:30:36,49.2833,120.7333,6.17,93,8,2.98
188,Sao Filipe,CV,2022-11-11 23:30:42,14.8961,-24.4956,77.34,72,84,6.51
189,Vila Velha,BR,2022-11-11 23:30:43,-20.3297,-40.2925,76.95,88,75,8.99
190,Itaituba,BR,2022-11-11 23:30:46,-4.2761,-55.9836,79.38,50,100,1.48
191,Geraldton,AU,2022-11-11 23:30:46,-28.7667,114.6,59.41,55,12,17.27
192,Mosquera,CO,2022-11-11 23:30:50,4.7059,-74.2302,57.29,88,20,5.75
193,Tambo,PE,2022-11-11 23:30:52,-14.8,-73.9167,34.36,57,40,5.06
194,Werda,BW,2022-11-11 23:30:52,-25.2667,23.2833,68.5,77,100,10.67
195,El Alto,PE,2022-11-11 23:30:54,-4.2714,-81.2147,64.06,84,53,19.13
196,Buchanan,LR,2022-11-11 23:30:55,5.8808,-10.0467,77.7,82,97,4.09
197,Coquimbo,CL,2022-11-11 23:30:55,-29.9533,-71.3436,62.33,72,0,9.22
198,Les Cayes,HT,2022-11-11 23:30:55,18.2,-73.75,79.27,80,36,2.42
199,Clyde River,CA,2022-11-11 23:30:57,70.4692,-68.5914,-5.57,65,75,8.05
200,Broken Hill,AU,2022-11-11 23:30:59,-31.95,141.4333,83.95,38,94,16.58
201,Port Hedland,AU,2022-11-11 23:27:51,-20.3167,118.5667,73.45,73,13,9.22
202,Luderitz,NA,2022-11-11 23:31:01,-26.6481,15.1594,56.88,85,4,5.82
203,Ulaangom,MN,2022-11-11 23:31:01,49.9811,92.0667,16.56,86,79,0.34
204,Viedma,AR,2022-11-11 23:31:01,-40.8135,-62.9967,55.71,88,100,8.3
205,Alice Springs,AU,2022-11-11 23:31:02,-23.7,133.8833,88.21,40,45,19.57
206,Bolatice,CZ,2022-11-11 23:31:04,49.9517,18.0836,51.49,90,100,3.51
207,Nanortalik,GL,2022-11-11 23:21:30,60.1432,-45.2371,23.4,88,100,7.31
208,Dingle,PH,2022-11-11 23:31:05,10.9995,122.6711,81.16,87,96,8.63
209,Bonthe,SL,2022-11-11 23:31:06,7.5264,-12.505,78.26,79,56,4.18
210,Sitka,US,2022-11-11 23:31:06,57.0531,-135.33,42.69,87,100,5.75
211,Samarai,PG,2022-11-11 23:31:07,-10.6167,150.6667,81.45,76,100,8.66
212,Touros,BR,2022-11-11 23:31:08,-5.1989,-35.4608,78.84,72,31,13.62
213,Paamiut,GL,2022-11-11 23:31:08,61.994,-49.6678,24.46,92,100,13.56
214,Santa Isabel Do Rio Negro,BR,2022-11-11 23:31:10,-0.4139,-65.0192,76.66,88,83,0.96
215,Tuatapere,NZ,2022-11-11 23:31:11,-46.1333,167.6833,60.91,67,100,7.16
216,Olafsvik,IS,2022-11-11 23:31:13,64.8945,-23.7142,41.34,92,100,12.57
217,Neuquen,AR,2022-11-11 23:31:14,-38.9516,-68.0591,58.89,88,75,2.3
218,Semnan,IR,2022-11-11 23:31:14,35.5729,53.3971,51.64,32,0,2.3
219,Trelew,AR,2022-11-11 23:32:15,-43.249,-65.3051,57.63,81,100,17.72
220,Padang,ID,2022-11-11 23:32:15,-0.9492,100.3543,76.82,90,100,3.6
221,Kaeo,NZ,2022-11-11 23:32:16,-35.1,173.7833,74.32,77,22,10.78
222,Winnemucca,US,2022-11-11 23:32:16,40.973,-117.7357,37.45,56,0,10.36
223,Arman,RU,2022-11-11 23:32:17,59.7,150.1667,-1.12,81,3,8.1
224,Mackay,AU,2022-11-11 23:31:23,-21.15,149.2,83.68,59,3,8.43
225,Ahipara,NZ,2022-11-11 23:32:18,-35.1667,173.1667,67.68,71,22,11.12
226,Mariani,IN,2022-11-11 23:32:25,26.6667,94.3333,61.86,95,4,1.1
227,Grand Gaube,MU,2022-11-11 23:32:26,-20.0064,57.6608,72.0,74,35,3.0
228,Half Moon Bay,US,2022-11-11 23:30:53,37.4636,-122.4286,62.51,60,0,13.8
229,Tucumcari,US,2022-11-11 23:32:27,35.1717,-103.725,42.94,30,0,3.44
230,Georgetown,MY,2022-11-11 23:32:29,5.4112,100.3354,78.73,92,40,3.44
231,Ulladulla,AU,2022-11-11 23:32:29,-35.35,150.4667,68.77,75,16,7.74
232,Verkhnevilyuysk,RU,2022-11-11 23:32:30,63.4453,120.3167,1.99,93,100,7.18
233,Yulara,AU,2022-11-11 23:32:30,-25.2406,130.9889,85.77,19,17,3.71
234,Yangambi,CD,2022-11-11 23:32:31,0.8102,24.4336,66.69,100,98,0.72
235,Hirara,JP,2022-11-11 23:32:32,24.8,125.2833,80.46,89,40,10.36
236,Santa Elena,EC,2022-11-11 23:32:33,-2.2333,-80.85,69.35,88,100,11.5
237,Borova,UA,2022-11-11 23:32:34,50.1763,30.1043,43.34,94,93,6.49
238,Khandyga,RU,2022-11-11 23:32:34,62.6667,135.6,1.65,95,100,7.83
239,Fortuna,US,2022-11-11 23:32:21,40.5982,-124.1573,52.93,90,100,12.66
240,Rio Cuarto,AR,2022-11-11 23:32:36,-33.1307,-64.3499,65.97,88,75,5.75
241,La Tuque,CA,2022-11-11 23:32:36,47.4334,-72.7824,52.05,87,100,2.3
242,Constitucion,CL,2022-11-11 23:32:37,-35.3333,-72.4167,55.53,93,96,14.25
243,Klaksvik,FO,2022-11-11 23:32:40,62.2266,-6.589,50.92,81,58,26.19
244,Mingshui,CN,2022-11-11 23:32:48,36.7167,117.5,59.36,96,87,8.19
245,Natal,BR,2022-11-11 23:32:05,-5.795,-35.2094,81.25,73,20,17.27
246,Barnstaple,GB,2022-11-11 23:33:05,51.0802,-4.0581,54.99,89,1,8.39
247,Brazzaville,CG,2022-11-11 23:33:06,-4.2658,15.2832,69.58,95,83,0.18
248,Cabo San Lucas,MX,2022-11-11 23:28:24,22.8909,-109.9124,80.62,64,40,11.5
249,Southbridge,US,2022-11-11 23:33:06,42.0751,-72.0334,64.92,97,100,3.0
250,Madimba,TZ,2022-11-11 23:33:07,-10.4,40.3333,74.7,87,57,5.03
251,Qaqortoq,GL,2022-11-11 23:33:08,60.7167,-46.0333,21.52,91,100,3.85
252,Bima,ID,2022-11-11 23:33:09,-8.4667,118.7167,83.19,79,100,2.42
253,Huarmey,PE,2022-11-11 23:33:10,-10.0681,-78.1522,65.08,82,37,9.62
254,Pierre,US,2022-11-11 23:33:10,44.3683,-100.351,18.52,81,100,12.66
255,Souillac,MU,2022-11-11 23:33:11,-20.5167,57.5167,71.98,78,75,3.44
256,Salihorsk,BY,2022-11-11 23:33:12,52.7876,27.5415,44.58,96,100,8.97
257,Ust-Shonosha,RU,2022-11-11 23:33:13,61.1531,41.343,46.62,81,96,11.1
258,Longyearbyen,SJ,2022-11-11 23:33:14,78.2186,15.6401,17.44,79,0,12.66
259,Cimislia,MD,2022-11-11 23:33:15,46.52,28.7842,44.74,60,100,4.85
260,The Valley,AI,2022-11-11 23:33:19,18.217,-63.0578,80.74,83,20,10.36
261,Dezful,IR,2022-11-11 23:33:19,32.3811,48.4058,68.81,65,100,2.33
262,Sabha,LY,2022-11-11 23:33:20,27.0377,14.4283,60.62,41,0,11.21
263,Makakilo City,US,2022-11-11 23:33:21,21.3469,-158.0858,80.92,50,100,13.8
264,Sobolevo,RU,2022-11-11 23:33:22,54.4299,31.8996,45.34,93,100,13.24
265,Bassila,BJ,2022-11-11 23:33:23,9.0081,1.6654,73.24,81,73,3.51
266,Mahanje,TZ,2022-11-11 23:33:23,-9.9333,35.3333,67.12,72,83,2.26
267,Vozhega,RU,2022-11-11 23:34:25,60.4725,40.2213,46.0,87,95,10.22
268,Nuuk,GL,2022-11-11 23:34:00,64.1835,-51.7216,23.61,68,75,8.05
269,Charters Towers,AU,2022-11-11 23:34:28,-20.1,146.2667,83.93,40,0,13.15
270,Marawi,PH,2022-11-11 23:34:31,7.9986,124.2928,75.0,82,70,1.72
271,Cidreira,BR,2022-11-11 23:34:33,-30.1811,-50.2056,66.94,88,100,11.77
272,Quatre Cocos,MU,2022-11-11 23:34:37,-20.2078,57.7625,71.71,72,64,10.42
273,Puerto Cabello,VE,2022-11-11 23:34:39,10.4731,-68.0125,85.55,81,91,1.39
274,Bantry,IE,2022-11-11 23:34:44,51.6833,-9.45,55.78,99,100,8.16
275,Caruray,PH,2022-11-11 23:34:46,10.3094,119.0128,82.78,79,66,6.06
276,Ayr,GB,2022-11-11 23:34:48,55.4627,-4.6339,53.58,94,75,3.44
277,Kitimat,CA,2022-11-11 23:34:49,54.0524,-128.6534,32.38,99,100,0.83
278,Parvatsar,IN,2022-11-11 23:34:51,26.8833,74.7667,64.4,49,0,1.19
279,Altona,DE,2022-11-11 23:34:58,53.55,9.9333,50.76,92,75,6.91
280,Yumen,CN,2022-11-11 23:34:59,40.2833,97.2,26.85,57,0,4.59
281,Upernavik,GL,2022-11-11 23:34:59,72.7868,-56.1549,9.27,86,99,5.41
282,Svetlaya,RU,2022-11-11 23:35:00,46.5389,138.3297,45.09,80,100,10.22
283,Guerrero Negro,MX,2022-11-11 23:35:00,27.9769,-114.0611,68.95,40,26,12.5
284,Colares,PT,2022-11-11 23:35:02,38.7992,-9.4469,62.76,78,0,5.01
285,Muroto,JP,2022-11-11 23:35:03,33.2833,134.15,68.99,71,30,8.81
286,Luxor,EG,2022-11-11 23:35:03,25.6989,32.6421,66.25,42,0,3.44
287,Vagur,FO,2022-11-11 23:35:04,61.4732,-6.8119,49.1,81,65,27.96
288,Inhambane,MZ,2022-11-11 23:35:04,-23.865,35.3833,75.54,86,42,4.45
289,Yomou,GN,2022-11-11 23:35:05,7.5603,-9.2653,69.55,96,87,1.54
290,Husavik,IS,2022-11-11 23:35:06,66.0449,-17.3389,37.83,96,100,4.09
291,Ilesha,NG,2022-11-11 23:35:07,7.1371,5.2583,72.73,94,91,2.91
292,Champerico,GT,2022-11-11 23:35:07,14.3,-91.9167,79.34,72,6,2.37
293,Plastun,RU,2022-11-11 23:35:08,44.7561,136.2939,46.38,87,100,4.88
294,Tonkino,RU,2022-11-11 23:35:10,57.3726,46.4629,42.57,93,100,14.58
295,Lueta,RO,2022-11-11 23:35:12,46.2667,25.4833,41.2,94,70,1.07
296,Rena,NO,2022-11-11 23:35:15,61.1348,11.3641,55.76,74,19,12.37
297,Dwarka,IN,2022-11-11 23:35:16,22.2394,68.9678,78.66,55,55,8.19
298,Marihatag,PH,2022-11-11 23:35:17,8.7936,126.2969,80.69,84,100,4.47
299,Bengkulu,ID,2022-11-11 23:35:18,-3.8004,102.2655,75.88,87,98,4.14
300,San Borja,BO,2022-11-11 23:35:18,-14.8167,-66.85,84.45,51,100,4.59
301,Griffith,US,2022-11-11 23:35:19,41.5284,-87.4237,42.06,59,0,11.5
302,Kandi,BJ,2022-11-11 23:35:21,11.1342,2.9386,81.84,32,94,3.98
303,Lorient,FR,2022-11-11 23:35:22,47.8333,-3.25,56.68,90,75,11.5
304,High Prairie,CA,2022-11-11 23:35:00,55.4334,-116.4858,19.54,92,100,2.93
305,Ames,US,2022-11-11 23:31:57,42.0347,-93.6199,28.45,69,100,14.97
306,Atar,MR,2022-11-11 23:35:23,20.5169,-13.0499,75.56,13,37,6.24
307,Taltal,CL,2022-11-11 23:35:23,-25.4,-70.4833,63.07,75,99,2.86
308,Coromandel,BR,2022-11-11 23:35:24,-18.4733,-47.2003,65.08,89,91,7.25
309,Port Lincoln,AU,2022-11-11 23:30:53,-34.7333,135.8667,63.95,87,100,16.67
310,Sola,VU,2022-11-11 23:35:25,-13.8833,167.55,79.47,94,100,0.0
311,Araouane,ML,2022-11-11 23:35:25,18.9048,-3.5265,72.9,12,61,7.31
312,Halifax,CA,2022-11-11 23:34:32,44.6453,-63.5724,55.22,88,94,4.61
313,Bairiki,KI,2022-11-11 23:36:27,1.3292,172.9752,86.0,70,20,10.36
314,Ginda,IN,2022-11-11 23:36:27,30.6945,78.4932,43.93,33,0,6.82
315,Meadow Lake,US,2022-11-11 23:36:28,34.8014,-106.5436,48.29,25,0,2.89
316,Acapulco,MX,2022-11-11 23:34:21,16.8634,-99.8901,82.22,83,0,4.61
317,Moindou,NC,2022-11-11 23:36:29,-21.6924,165.677,77.92,69,85,13.98
318,Port Hardy,CA,2022-11-11 23:33:02,50.6996,-127.4199,42.98,81,75,5.75
319,Moshenskoye,RU,2022-11-11 23:36:31,58.5102,34.5911,49.03,96,100,12.12
320,Villa Carlos Paz,AR,2022-11-11 23:36:32,-31.4241,-64.4978,77.4,52,99,15.01
321,Coihaique,CL,2022-11-11 23:36:32,-45.5752,-72.0662,59.61,63,75,6.91
322,Mayo,US,2022-11-11 23:36:33,38.8876,-76.5119,72.12,97,100,13.8
323,Teguldet,RU,2022-11-11 23:36:33,57.3064,88.1667,26.74,95,97,8.25
324,Meulaboh,ID,2022-11-11 23:36:34,4.1363,96.1285,75.15,90,100,3.36
325,Kapit,MY,2022-11-11 23:36:35,2.0167,112.9333,74.23,100,100,0.89
326,Sioux Lookout,CA,2022-11-11 23:36:35,50.1001,-91.917,19.47,86,75,10.36
327,Gat,IL,2022-11-11 23:36:36,31.61,34.7642,66.4,71,0,3.2
328,Musoma,TZ,2022-11-11 23:36:36,-1.5,33.8,68.65,85,95,3.74
329,Vanderhoof,CA,2022-11-11 23:35:13,54.0166,-124.0198,25.66,90,78,1.59
330,Ilam,NP,2022-11-11 23:36:38,26.9167,87.9167,53.2,79,0,5.57
331,Iqaluit,CA,2022-11-11 23:36:38,63.7506,-68.5145,6.53,77,100,0.0
332,Chara,RU,2022-11-11 23:36:40,56.9064,118.2631,4.32,75,19,2.06
333,Balgazyn,RU,2022-11-11 23:36:40,51.0,95.2,10.22,94,100,0.96
334,Talaya,RU,2022-11-11 23:36:41,61.3833,152.75,-10.35,97,99,1.57
335,Haimen,CN,2022-11-11 23:36:42,23.1935,116.6142,73.29,87,87,7.02
336,Kununurra,AU,2022-11-11 23:36:43,-15.7667,128.7333,87.78,66,26,9.22
337,Comodoro Rivadavia,AR,2022-11-11 23:32:25,-45.8667,-67.5,60.66,59,40,9.22
338,Kitami,JP,2022-11-11 23:36:46,43.8031,143.8908,41.13,52,99,10.83
339,Brokopondo,SR,2022-11-11 23:36:46,4.75,-55.1667,78.37,84,69,6.85
340,Saint Anthony,US,2022-11-11 23:36:49,45.0205,-93.218,31.6,82,100,19.57
341,Mareeba,AU,2022-11-11 23:36:53,-17.0,145.4333,80.44,69,10,6.4
342,Nayoro,JP,2022-11-11 23:36:53,44.3506,142.4578,45.54,69,97,13.78
343,Berwick,US,2022-11-11 23:36:55,41.0545,-76.2333,69.31,96,100,11.23
344,La Fleche,FR,2022-11-11 23:36:55,47.6982,-0.0755,48.97,84,69,6.93
345,Pochutla,MX,2022-11-11 23:36:56,15.7432,-96.4661,80.82,87,72,1.77
346,Salinas,US,2022-11-11 23:36:57,36.6777,-121.6555,63.41,53,0,5.75
347,Udachnyy,RU,2022-11-11 23:36:57,66.4167,112.4,0.45,77,100,5.79
348,Kampene,CD,2022-11-11 23:36:59,-3.6,26.6667,63.48,99,85,1.61
349,Muros,ES,2022-11-11 23:37:00,42.7762,-9.0603,56.68,94,0,7.54
350,Rassvet,RU,2022-11-11 23:37:00,46.8333,40.75,40.05,88,4,3.85
351,Antsohihy,MG,2022-11-11 23:37:01,-14.8796,47.9875,75.99,83,7,1.99
352,Bud,US,2022-11-11 23:37:02,39.447,-86.1758,48.22,71,97,14.27
353,Gao,ML,2022-11-11 23:37:04,16.6362,1.637,75.09,17,1,12.46
354,Bandarbeyla,SO,2022-11-11 23:37:04,9.4942,50.8122,78.17,76,80,12.26
355,Imaichi,JP,2022-11-11 23:37:04,36.7167,139.6833,59.11,71,59,2.73
356,Port Macquarie,AU,2022-11-11 23:37:05,-31.4333,152.9167,75.88,62,4,8.25
357,Sinnamary,GF,2022-11-11 23:37:07,5.3833,-52.95,78.75,86,74,5.79
358,Ordu,TR,2022-11-11 23:38:08,40.9086,37.6845,41.5,87,81,1.99
359,Ciudad Ojeda,VE,2022-11-11 23:38:12,10.1964,-71.3082,78.22,89,99,6.96
360,Sabang,ID,2022-11-11 23:38:13,5.8933,95.3214,78.66,81,100,5.48
361,Gongzhuling,CN,2022-11-11 23:38:15,43.5008,124.8198,31.8,98,100,15.79
362,Druskininkai,LT,2022-11-11 23:38:21,54.0167,23.9667,49.64,91,100,9.22
363,Oakdale,US,2022-11-11 23:38:24,44.963,-92.9649,31.32,83,100,19.57
364,Bagua Grande,PE,2022-11-11 23:38:32,-5.7561,-78.4411,80.62,64,100,4.12
365,Saskatoon,CA,2022-11-11 23:36:52,52.1168,-106.6345,6.78,71,0,6.91
366,Kitale,KE,2022-11-11 23:38:35,1.0157,35.0062,59.31,81,100,1.25
367,Hualmay,PE,2022-11-11 23:38:35,-11.0964,-77.6139,64.99,80,26,10.78
368,Talnakh,RU,2022-11-11 23:38:37,69.4865,88.3972,-13.97,97,37,4.38
369,Arlit,NE,2022-11-11 23:38:37,18.7369,7.3853,74.16,21,0,7.83
370,Arona,ES,2022-11-11 23:38:38,28.0996,-16.681,66.56,65,20,6.91
371,Tornio,FI,2022-11-11 23:38:39,65.8481,24.1466,42.82,87,67,17.67
372,Jasper,US,2022-11-11 23:37:29,37.2001,-94.3502,38.68,55,40,12.66
373,Grindavik,IS,2022-11-11 23:38:40,63.8424,-22.4338,41.47,93,40,8.05
374,Patacamaya,BO,2022-11-11 23:38:41,-17.2333,-67.9167,51.58,22,49,11.86
375,Elena,BG,2022-11-11 23:38:41,42.9333,25.8833,47.98,90,100,4.45
376,Bathsheba,BB,2022-11-11 23:38:42,13.2167,-59.5167,81.21,78,20,13.8
377,Arraial Do Cabo,BR,2022-11-11 23:38:43,-22.9661,-42.0278,76.96,83,75,11.5
378,Tumbes,PE,2022-11-11 23:38:43,-3.5667,-80.4414,67.95,88,100,5.75
379,Lompoc,US,2022-11-11 23:38:45,34.6391,-120.4579,68.14,63,0,9.22
380,Borogontsy,RU,2022-11-11 23:38:46,62.6683,131.1683,-7.62,95,100,8.25
381,Baruun-Urt,MN,2022-11-11 23:35:41,46.6806,113.2792,15.55,73,6,3.09
382,Reconquista,AR,2022-11-11 23:38:49,-29.15,-59.65,78.3,52,27,13.15
383,Maarianhamina,AX,2022-11-11 23:38:50,60.0973,19.9348,55.26,82,75,17.27
384,Abu Dhabi,AE,2022-11-11 23:38:52,24.4667,54.3667,78.82,83,0,2.3
385,Mozarlandia,BR,2022-11-11 23:38:54,-14.7447,-50.5706,81.75,54,55,4.97
386,Aykhal,RU,2022-11-11 23:38:55,66.0,111.5,4.42,96,100,7.99
387,Moba,CN,2022-11-11 23:38:55,33.2288,105.0179,34.95,87,100,7.61
388,Sao Joao Da Barra,BR,2022-11-11 23:38:56,-21.6403,-41.0511,77.09,91,43,12.68
389,Great Falls,US,2022-11-11 23:37:07,47.5002,-111.3008,24.19,74,0,10.36
390,Barhiya,IN,2022-11-11 23:38:58,25.2833,86.0333,63.93,59,0,6.17
391,Mocajuba,BR,2022-11-11 23:39:02,-2.5842,-49.5072,78.76,77,95,3.09
392,Ayamonte,ES,2022-11-11 23:39:02,37.2099,-7.4027,63.27,67,3,3.53
393,Verkh-Usugli,RU,2022-11-11 23:39:03,52.7,115.1667,5.27,96,16,3.04
394,Ninotsminda,GE,2022-11-11 23:39:04,41.2646,43.5916,29.97,85,7,1.63
395,Sayyan,YE,2022-11-11 23:39:04,15.1718,44.3244,49.77,37,1,5.06
396,Devonport,AU,2022-11-11 23:39:05,-41.1667,146.35,58.01,80,100,7.94
397,Makat,KZ,2022-11-11 23:39:06,47.6469,53.3463,38.28,82,0,7.14
398,Banda Aceh,ID,2022-11-11 23:39:07,5.5577,95.3222,76.46,88,98,5.55
399,Thunder Bay,CA,2022-11-11 23:34:53,48.4001,-89.3168,30.18,86,75,4.61
400,Borba,BR,2022-11-11 23:39:08,-4.3878,-59.5939,82.6,55,61,2.84
401,Acarau,BR,2022-11-11 23:39:08,-2.8856,-40.12,79.34,75,69,16.35
402,Palu,ID,2022-11-11 23:39:09,-0.8917,119.8707,82.36,79,99,1.92
403,Sisimiut,GL,2022-11-11 23:39:09,66.9395,-53.6735,13.71,84,98,9.1
404,Mundo Nuevo,MX,2022-11-11 23:39:10,18.7,-95.5,79.38,80,0,7.23
405,Ballina,AU,2022-11-11 23:39:11,-28.8667,153.5667,78.84,61,2,6.2
406,Ekibastuz,KZ,2022-11-11 23:40:12,51.6667,75.3667,30.4,93,100,23.24
407,Ramotswa,BW,2022-11-11 23:40:12,-24.8716,25.8699,65.64,88,100,4.21
408,Vardo,NO,2022-11-11 23:40:14,70.3705,31.1107,38.71,95,100,1.23
409,Pangnirtung,CA,2022-11-11 23:40:17,66.1451,-65.7125,1.4,71,20,3.44
410,Perivolion,GR,2022-11-11 23:40:17,39.4206,20.0147,54.95,69,47,6.46
411,Ayorou,NE,2022-11-11 23:40:21,14.7308,0.9174,82.0,20,8,9.71
412,Cermik,TR,2022-11-11 23:40:21,38.1361,39.4493,51.85,64,1,2.82
413,Shahrud,IR,2022-11-11 23:40:22,36.4182,54.9763,46.22,42,72,4.59
414,Tual,ID,2022-11-11 23:40:22,-5.6667,132.75,83.48,74,85,7.72
415,Tautira,PF,2022-11-11 23:40:23,-17.7333,-149.15,77.81,77,68,4.27
416,Zhigansk,RU,2022-11-11 23:40:24,66.7697,123.3711,-21.5,98,84,10.85
417,Mmathubudukwane,BW,2022-11-11 23:40:25,-24.6,26.4333,67.6,83,100,3.8
418,Isangel,VU,2022-11-11 23:37:47,-19.55,169.2667,84.31,79,100,0.0
419,Chilca,PE,2022-11-11 23:40:27,-12.5211,-76.7372,64.13,88,76,8.75
420,Linxia,CN,2022-11-11 23:40:28,35.6003,103.2064,30.69,87,100,1.39
421,Riyadh,SA,2022-11-11 23:40:19,24.6877,46.7219,73.54,28,33,7.52
422,Veraval,IN,2022-11-11 23:40:30,20.9,70.3667,77.04,46,33,10.29
423,Palma Del Rio,ES,2022-11-11 23:40:33,37.7002,-5.2812,55.72,68,38,5.35
424,Deputatskiy,RU,2022-11-11 23:40:34,69.3,139.9,-14.76,98,96,2.84
425,Olinda,BR,2022-11-11 23:40:35,-8.0089,-34.8553,78.53,78,75,6.91
426,Xai-Xai,MZ,2022-11-11 23:40:36,-25.0519,33.6442,73.15,93,95,4.76
427,Gizo,SB,2022-11-11 23:40:36,-8.103,156.8419,83.3,72,100,5.1
428,Flinders,AU,2022-11-11 23:40:37,-34.5833,150.8552,77.18,68,19,4.0
429,Hervey Bay,AU,2022-11-11 23:40:37,-25.2986,152.8535,72.82,63,3,8.16
430,Williston,US,2022-11-11 23:39:01,48.147,-103.618,4.32,78,81,3.49
431,Ati,TD,2022-11-11 23:40:38,13.2154,18.3353,79.12,21,65,11.63
432,Agirish,RU,2022-11-11 23:40:42,61.9247,63.0231,15.98,96,50,7.14
433,Vanavara,RU,2022-11-11 23:40:43,60.34,102.2797,22.77,89,100,13.89
434,Cacapava Do Sul,BR,2022-11-11 23:40:43,-30.5122,-53.4914,57.76,94,22,3.87
435,Chapais,CA,2022-11-11 23:40:44,49.7834,-74.8492,31.78,95,100,11.07
436,Ewo,CG,2022-11-11 23:40:45,-0.8725,14.8206,70.2,97,100,6.11
437,Sergeyevka,KZ,2022-11-11 23:40:47,53.88,67.4158,34.81,99,100,14.79
438,Buraydah,SA,2022-11-11 23:40:48,26.326,43.975,68.45,74,93,13.33
439,Sorong,ID,2022-11-11 23:40:48,-0.8833,131.25,82.99,74,94,2.19
440,Chernyshevskiy,RU,2022-11-11 23:40:49,63.0128,112.4714,19.53,94,100,11.3
441,Novikovo,RU,2022-11-11 23:40:52,51.1537,37.8879,41.94,95,100,6.42
442,Bria,CF,2022-11-11 23:40:55,6.5423,21.9863,68.5,89,55,3.85
443,Elk City,US,2022-11-11 23:40:55,35.412,-99.4043,37.62,35,0,14.97
444,Metu,ET,2022-11-11 23:40:56,8.3,35.5833,57.94,99,100,1.52
445,Amuntai,ID,2022-11-11 23:40:56,-2.4177,115.2494,76.32,96,98,2.08
446,Menongue,AO,2022-11-11 23:40:56,-14.6585,17.691,66.25,71,89,5.55
447,San Jeronimo,PE,2022-11-11 23:40:57,-11.9472,-75.2829,52.97,78,49,5.26
448,Khategaon,IN,2022-11-11 23:40:58,22.6,76.9167,65.3,58,37,6.15
449,Sena Madureira,BR,2022-11-11 23:40:58,-9.0656,-68.6569,76.82,70,96,2.35
450,Kenora,CA,2022-11-11 23:42:07,49.8167,-94.4337,22.17,79,100,11.5
451,Taoudenni,ML,2022-11-11 23:42:16,22.6783,-3.9836,77.43,14,99,10.65
452,Tilichiki,RU,2022-11-11 23:42:19,60.4667,166.1,15.03,88,100,8.88
453,Yerbogachen,RU,2022-11-11 23:42:20,61.2767,108.0108,22.15,85,100,15.95
454,Gayeri,BF,2022-11-11 23:42:21,12.6497,0.4931,81.59,27,22,4.63
455,Yarmouth,US,2022-11-11 23:42:21,41.7057,-70.2286,66.97,86,75,14.97
456,Karaton,ID,2022-11-11 23:42:22,-6.3424,106.1045,76.3,89,100,4.5
457,Sobradinho,BR,2022-11-11 23:42:24,-12.8333,-39.1,70.65,95,79,2.77
458,Lavrentiya,RU,2022-11-11 23:42:25,65.5833,-171.0,17.76,76,1,7.92
459,Rosendal,NO,2022-11-11 23:42:26,59.9867,6.0135,57.52,91,100,9.33
460,Calvia,ES,2022-11-11 23:42:28,39.5657,2.5062,67.08,82,84,11.39
461,Mallig,PH,2022-11-11 23:42:29,17.1411,121.6831,78.8,85,6,1.21
462,Kruisfontein,ZA,2022-11-11 23:42:31,-34.0033,24.7314,61.88,79,81,2.68
463,Sambava,MG,2022-11-11 23:42:32,-14.2667,50.1667,69.08,87,47,8.1
464,Ligayan,PH,2022-11-11 23:42:32,4.6533,119.4706,83.1,72,89,3.62
465,Mandalgovi,MN,2022-11-11 23:42:33,45.7625,106.2708,18.66,64,0,5.7
466,Vestmannaeyjar,IS,2022-11-11 23:42:34,63.4427,-20.2734,46.18,83,98,16.6
467,Caravelas,BR,2022-11-11 23:42:36,-17.7125,-39.2481,75.45,83,69,7.65
468,Harper,LR,2022-11-11 23:42:36,4.375,-7.7169,77.22,86,95,5.86
469,Hachinohe,JP,2022-11-11 23:42:38,40.5,141.5,51.93,71,2,6.62
470,Bagnols-Sur-Ceze,FR,2022-11-11 23:42:39,44.1599,4.6178,52.02,100,62,1.14
471,Sao Felix Do Xingu,BR,2022-11-11 23:42:39,-6.6447,-51.995,78.35,58,42,0.96
472,Los Llanos De Aridane,ES,2022-11-11 23:42:40,28.6585,-17.9182,64.15,73,20,8.05
473,Bonavista,CA,2022-11-11 23:42:40,48.6499,-53.1147,34.11,65,98,11.1
474,Onda,ES,2022-11-11 23:42:41,39.9667,-0.25,62.33,92,100,5.7
475,Nikki,BJ,2022-11-11 23:42:41,9.9401,3.2108,81.03,45,98,3.62
476,Morant Bay,JM,2022-11-11 23:42:44,17.8815,-76.4093,83.82,84,55,6.6
477,Severomuysk,RU,2022-11-11 23:42:45,56.1481,113.4267,-5.22,90,72,1.57
478,Kargasok,RU,2022-11-11 23:42:46,59.0556,80.8572,24.53,96,100,6.85
479,Sande,DE,2022-11-11 23:42:47,53.5049,8.0142,44.64,86,34,8.19
480,Tigil,RU,2022-11-11 23:42:47,57.8,158.6667,17.69,92,100,6.13
481,Grand Junction,US,2022-11-11 23:42:48,39.0639,-108.5507,42.31,38,0,1.01
482,Lakes Entrance,AU,2022-11-11 23:42:49,-37.8811,147.981,58.15,91,99,4.83
483,Rocha,UY,2022-11-11 23:39:26,-34.4833,-54.3333,60.35,91,22,9.01
484,Mountain Home,US,2022-11-11 23:42:50,43.133,-115.6912,35.08,60,20,14.97
485,Dingli,MT,2022-11-11 23:42:53,35.8614,14.3822,64.81,82,40,5.75
486,Zalesovo,RU,2022-11-11 23:42:54,53.9939,84.7431,29.44,96,100,12.48
487,Fort Nelson,CA,2022-11-11 23:42:54,58.8053,-122.7002,13.59,85,75,2.3
488,Poddorye,RU,2022-11-11 23:42:56,57.4695,31.1156,50.58,94,100,11.3
489,Union,US,2022-11-11 23:43:03,40.6334,-74.2663,70.66,96,100,8.05
490,Nhulunbuy,AU,2022-11-11 23:43:04,-12.2333,136.7667,86.61,70,75,9.22
491,Marsa Matruh,EG,2022-11-11 23:43:04,31.3525,27.2453,66.4,52,40,5.75
492,Lubango,AO,2022-11-11 23:43:05,-14.9172,13.4925,58.23,34,98,4.21
493,Matara,LK,2022-11-11 23:43:05,5.9485,80.5353,75.36,90,93,7.2
494,Kavaratti,IN,2022-11-11 23:43:07,10.5669,72.642,82.17,61,100,4.07
495,Maragogi,BR,2022-11-11 23:43:07,-9.0122,-35.2225,77.45,84,10,7.23
496,Saint-Francois,FR,2022-11-11 23:43:08,46.4154,3.9054,47.68,100,100,8.05
497,Maniitsoq,GL,2022-11-11 23:44:10,65.4167,-52.9,22.89,68,100,10.8
498,Ulaanbaatar,MN,2022-11-11 23:44:18,47.9077,106.8832,-2.07,78,0,0.0
499,Padina,RS,2022-11-11 23:44:24,45.1181,20.7272,48.51,74,98,3.96
500,Matagami,CA,2022-11-11 23:44:35,49.7502,-77.6328,28.51,100,100,6.91
501,Quesnel,CA,2022-11-11 23:45:02,52.9999,-122.5029,27.1,74,100,9.22
502,Coihueco,CL,2022-11-11 23:45:09,-36.6167,-71.8333,54.34,100,75,3.44
503,San Quintin,MX,2022-11-11 23:45:10,30.4833,-115.95,64.26,50,51,6.02
504,Calvinia,ZA,2022-11-11 23:45:10,-31.4707,19.776,53.85,60,0,4.54
505,Pochinki,RU,2022-11-11 23:45:10,54.6988,44.8668,39.52,92,100,15.32
506,Thoen,TH,2022-11-11 23:45:11,17.6129,99.2161,65.43,83,13,2.66
507,Lata,PT,2022-11-11 23:45:11,40.1629,-8.3327,54.07,79,0,4.99
508,Qianguo,CN,2022-11-11 23:45:12,45.1171,124.8568,30.81,94,100,12.21
509,Dhidhdhoo,MV,2022-11-11 23:45:13,6.8833,73.1,80.96,74,100,4.05
510,Mandeville,JM,2022-11-11 23:45:13,18.0417,-77.5071,69.33,94,95,2.46
511,Nikolayevsk-Na-Amure,RU,2022-11-11 23:45:14,53.1406,140.73,22.39,77,95,4.47
512,Buala,SB,2022-11-11 23:45:14,-8.145,159.5921,78.69,88,100,6.15
513,Batticaloa,LK,2022-11-11 23:45:14,7.7102,81.6924,76.23,88,93,8.68
514,Tabas,IR,2022-11-11 23:45:15,33.5959,56.9244,57.42,30,100,4.61
515,Carutapera,BR,2022-11-11 23:45:16,-1.195,-46.02,78.28,85,19,6.71
516,Santa Maria,BR,2022-11-11 23:45:16,-29.6842,-53.8069,67.3,77,20,4.61
517,Wajima,JP,2022-11-11 23:45:17,37.4,136.9,57.88,100,20,2.3
518,Marquard,ZA,2022-11-11 23:45:18,-28.6645,27.4305,55.24,88,100,5.68
519,Oriximina,BR,2022-11-11 23:45:18,-1.7656,-55.8661,80.06,58,36,2.46
520,Lazaro Cardenas,MX,2022-11-11 23:41:57,17.9583,-102.2,79.59,78,7,5.7
521,Nishihara,JP,2022-11-11 23:45:20,26.1842,127.7558,78.46,95,75,17.27
522,Icod De Los Vinos,ES,2022-11-11 23:45:21,28.3724,-16.7119,72.21,63,98,7.43
523,Bambanglipuro,ID,2022-11-11 23:45:23,-7.95,110.2833,77.95,84,100,2.26
524,Adrar,MR,2022-11-11 23:45:24,20.5022,-10.0711,74.48,12,99,8.7
525,Peleduy,RU,2022-11-11 23:45:26,59.6289,112.7406,23.32,89,100,14.94
526,Kondinskoye,RU,2022-11-11 23:45:27,59.6481,67.41,32.68,98,100,8.46
527,La Asuncion,VE,2022-11-11 23:45:27,11.0333,-63.8628,82.13,78,85,10.36
528,Payo,ID,2022-11-11 23:45:28,-3.7508,103.6372,74.34,91,100,0.92
529,Saint-Agapit,CA,2022-11-11 23:45:29,46.5629,-71.4352,41.94,93,100,10.96
530,Whitefish,US,2022-11-11 23:43:55,48.4111,-114.3376,28.15,74,100,0.0
531,Ginir,ET,2022-11-11 23:45:33,7.1333,40.7,55.06,80,84,4.79
532,Cabedelo,BR,2022-11-11 23:45:34,-6.9811,-34.8339,79.47,76,8,12.03
533,Faanui,PF,2022-11-11 23:45:35,-16.4833,-151.75,78.12,75,81,3.56
534,Pucallpa,PE,2022-11-11 23:45:35,-8.3791,-74.5539,84.24,70,20,3.44
535,Henties Bay,NA,2022-11-11 23:45:36,-22.116,14.2845,58.44,90,0,6.29
536,Broome,US,2022-11-11 23:45:39,42.2506,-75.833,64.56,84,100,11.5
537,Alugan,PH,2022-11-11 23:45:39,12.2188,125.4808,83.5,80,70,9.22
538,Paracatu,BR,2022-11-11 23:45:40,-17.2222,-46.8747,70.27,83,74,2.57
539,Kita,ML,2022-11-11 23:45:40,13.0349,-9.4895,73.15,17,67,0.45
540,Campos Belos,BR,2022-11-11 23:46:42,-13.0367,-46.7717,69.84,94,73,2.68
541,Kapiri Mposhi,ZM,2022-11-11 23:46:46,-13.9652,28.6809,61.68,95,60,2.33
542,Boffa,GN,2022-11-11 23:46:47,10.1667,-14.0333,78.51,83,43,1.34
543,Luckenwalde,DE,2022-11-11 23:46:48,52.0833,13.1667,47.89,91,100,1.99
544,Kungurtug,RU,2022-11-11 23:46:48,50.5994,97.5228,9.05,88,99,1.54
545,Pangkalanbuun,ID,2022-11-11 23:46:50,-2.6833,111.6167,76.75,91,100,3.85
546,Vanimo,PG,2022-11-11 23:46:50,-2.6741,141.3028,85.12,66,89,1.95
547,Tutoia,BR,2022-11-11 23:46:51,-2.7619,-42.2744,79.47,80,73,9.51
548,Sinaloa,MX,2022-11-11 23:44:18,25.0,-107.5,77.61,66,74,5.06
549,Pitea,SE,2022-11-11 23:42:29,65.3172,21.4794,44.69,84,97,8.72
550,Jackson,US,2022-11-11 23:46:52,42.4165,-122.8345,46.45,78,100,8.05
551,Uinskoye,RU,2022-11-11 23:46:52,56.8817,56.5813,35.17,98,100,7.54
552,General Pico,AR,2022-11-11 23:46:53,-35.6566,-63.7568,61.97,87,95,4.76
553,Mehamn,NO,2022-11-11 23:46:54,71.0357,27.8492,33.75,93,75,4.61
554,Zdvinsk,RU,2022-11-11 23:46:55,54.7021,78.661,31.08,97,98,12.59
555,Minnedosa,CA,2022-11-11 23:46:56,50.2453,-99.8436,14.56,93,89,5.95
556,Saldanha,ZA,2022-11-11 23:46:57,-33.0117,17.9442,59.11,94,0,10.67
557,Flin Flon,CA,2022-11-11 23:46:58,54.7682,-101.865,10.24,85,75,6.91
558,Praia Da Vitoria,PT,2022-11-11 23:46:59,38.7333,-27.0667,59.25,77,20,9.93
559,Weiser,US,2022-11-11 23:47:00,44.251,-116.9693,35.8,75,100,3.0
560,Obihiro,JP,2022-11-11 23:47:01,42.9172,143.2044,35.01,60,58,1.52
561,Romitan,UZ,2022-11-11 23:47:02,39.9343,64.3814,30.15,93,5,6.91
562,Rio Grande,BR,2022-11-11 23:47:02,-32.035,-52.0986,68.11,89,30,12.21
563,Turan,VN,2022-11-11 23:47:03,16.0678,108.2208,75.18,94,75,1.14
564,Ilhabela,BR,2022-11-11 23:47:05,-23.7781,-45.3581,72.25,91,93,1.97
565,Lishui,CN,2022-11-11 23:47:06,28.4604,119.9103,71.08,86,13,2.08
566,Dhrangadhra,IN,2022-11-11 23:47:07,22.9833,71.4667,72.3,38,32,7.9
567,Namibe,AO,2022-11-11 23:47:08,-15.1961,12.1522,64.11,78,76,8.72
568,Verkhoyansk,RU,2022-11-11 23:47:08,67.5447,133.385,-18.2,100,100,1.19
